{
    "rmse": 24.73569620339534,
    "mae": 20.519999999999996,
    "test_count": 15,
    "predictions": [
        54.8,
        55.2,
        67.5,
        114.2,
        111.2,
        98.4,
        101.2,
        113.1,
        56.5,
        113.1,
        50.2,
        77.0,
        38.4,
        107.3,
        108.5
    ],
    "true_values": [
        53,
        66,
        80,
        69,
        90,
        68,
        75,
        67,
        55,
        88,
        62,
        58,
        32,
        71,
        95
    ]
}